   metrics/precision,      metrics/recall,     metrics/mAP_0.5,metrics/mAP_0.5:0.95,        val/box_loss,        val/obj_loss,        val/cls_loss,                 lr0,                 lrf,            momentum,        weight_decay,       warmup_epochs,     warmup_momentum,      warmup_bias_lr,                 box,                 cls,              cls_pw,                 obj,              obj_pw,               iou_t,            anchor_t,            fl_gamma,               hsv_h,               hsv_s,               hsv_v,             degrees,           translate,               scale,               shear,         perspective,              flipud,              fliplr,              mosaic,               mixup,          copy_paste,             anchors
             0.63925,             0.51707,             0.53425,             0.28439,            0.065918,            0.075972,            0.014825,                0.01,                0.01,               0.937,              0.0005,                   3,                 0.8,                 0.1,                0.05,                 0.5,                   1,                   1,                   1,                 0.2,                   4,                   0,               0.015,                 0.7,                 0.4,                   0,                 0.1,                 0.5,                   0,                   0,                   0,                 0.5,                   1,                   0,                   0,                   3
             0.66158,             0.52651,             0.54258,             0.29026,            0.066534,            0.073939,            0.014311,                0.01,                0.01,             0.93712,              0.0005,              2.9982,             0.79921,             0.09995,             0.05005,             0.49992,                   1,              1.0005,             0.99945,                 0.2,               4.001,                   0,               0.015,                 0.7,             0.39987,                   0,             0.10019,             0.50045,                   0,                   0,                   0,                 0.5,              0.9993,                   0,                   0,              3.0032
             0.70469,             0.52673,             0.54942,             0.28169,             0.06747,            0.071091,            0.010377,             0.01123,             0.01156,                0.98,             0.00032,              2.9982,             0.70684,             0.09995,             0.05015,             0.33554,                   1,              1.1022,              0.8278,                 0.2,              3.9906,                   0,             0.01663,              0.7545,             0.50293,                   0,             0.08712,             0.50486,                   0,                   0,                   0,                 0.5,              0.7711,                   0,                   0,              3.1747
             0.68893,             0.50656,             0.53506,             0.28612,            0.068882,            0.074025,            0.012457,             0.00937,             0.01064,             0.92395,             0.00057,              3.0178,             0.77044,             0.11585,                0.05,             0.44632,             0.81621,             0.95929,              1.0435,                 0.2,                   4,                   0,             0.01522,             0.76477,             0.33415,                   0,                 0.1,             0.42946,                   0,                   0,                   0,                 0.5,                   1,                   0,                   0,              3.1806
             0.66842,             0.53286,              0.5508,             0.29143,            0.065625,            0.075205,            0.014102,             0.00983,                0.01,             0.93688,              0.0005,              3.0492,             0.80579,                 0.1,                0.05,             0.50844,              1.0014,              1.0044,                   1,                 0.2,              4.0389,                   0,             0.01523,             0.69546,                 0.4,                   0,             0.09828,             0.50021,                   0,                   0,                   0,                 0.5,                   1,                   0,                   0,                   3
             0.72796,             0.49175,             0.52932,             0.28778,            0.066973,             0.05297,           0.0084961,             0.00937,             0.01111,             0.93734,             0.00048,              3.0498,              0.6278,             0.12373,              0.0463,             0.29485,             0.77639,             0.82332,             0.87867,                 0.2,              4.3255,                   0,              0.0224,             0.72326,             0.37566,                   0,             0.09948,             0.46281,                   0,                   0,                   0,                 0.5,             0.80381,                   0,                   0,              3.1806
             0.69228,             0.51097,             0.53854,             0.28414,            0.069523,            0.073269,            0.012129,             0.00937,                0.01,             0.89675,             0.00061,              2.9683,             0.77044,             0.11527,                0.05,             0.44632,             0.81621,             0.97012,              1.0435,                 0.2,                   4,                   0,             0.01603,             0.80761,             0.33415,                   0,             0.09686,             0.42391,                   0,                   0,                   0,                 0.5,                   1,                   0,                   0,              2.8456
             0.66876,             0.52759,              0.5397,             0.29548,            0.068545,            0.051371,            0.014388,             0.00937,             0.01076,             0.90181,             0.00063,              3.0178,             0.77044,              0.1049,                0.05,             0.50842,             0.82574,             0.97588,             0.67136,                 0.2,               4.074,                   0,             0.01559,             0.67117,             0.33415,                   0,                 0.1,             0.48227,                   0,                   0,                   0,                 0.5,             0.95724,                   0,                   0,              3.1806
             0.70133,              0.5225,             0.55279,             0.29402,            0.062183,            0.072048,           0.0070157,             0.01121,                0.01,             0.85948,             0.00033,              2.6991,             0.89971,             0.09995,             0.05005,             0.36678,             0.53716,              1.1452,             0.99945,                 0.2,              3.0885,                   0,             0.01321,             0.82698,              0.4459,                   0,             0.08201,             0.48711,                   0,                   0,                   0,                 0.5,             0.94001,                   0,                   0,              3.0032
             0.66996,             0.49818,              0.5302,             0.28407,            0.069145,            0.075639,             0.01303,             0.00993,                0.01,                0.98,             0.00041,              2.9868,             0.66709,             0.09673,             0.05005,             0.41492,                   1,              1.2283,             0.82881,                 0.2,              3.9279,                   0,             0.01764,             0.63273,             0.38509,                   0,             0.10019,             0.45621,                   0,                   0,                   0,                 0.5,             0.90096,                   0,                   0,              3.0032
             0.65656,             0.53612,             0.55031,             0.29125,            0.066952,            0.068642,            0.013578,             0.01052,                0.01,             0.93712,             0.00047,              3.2097,             0.82857,              0.0968,             0.05221,             0.49992,             0.98559,             0.99219,              0.9624,                 0.2,              3.6021,                   0,             0.01473,             0.75265,             0.38188,                   0,             0.10019,             0.51171,                   0,                   0,                   0,                 0.5,                   1,                   0,                   0,              2.8108
              0.6164,              0.5088,             0.52299,             0.24768,            0.053688,            0.045975,             0.01642,             0.01052,                0.01,                0.98,             0.00034,              3.0605,             0.84962,              0.0968,             0.04313,             0.49992,             0.98582,             0.62994,              1.1148,                 0.2,              3.3357,                   0,             0.01564,             0.75265,             0.41093,                   0,             0.10019,             0.48914,                   0,                   0,                   0,                 0.5,                   1,                   0,                   0,                   2
             0.64499,             0.53106,              0.5501,             0.29803,            0.057756,            0.072932,            0.011818,             0.00972,             0.01298,              0.9376,             0.00047,              3.7301,             0.84602,             0.10815,             0.04733,             0.49992,             0.84777,               1.151,             0.94681,                 0.2,              3.1937,                   0,              0.0146,             0.65461,             0.39343,                   0,             0.09223,             0.59826,                   0,                   0,                   0,                 0.5,                   1,                   0,                   0,              2.8108
             0.66204,             0.52784,             0.55055,             0.29145,            0.062397,            0.073761,           0.0070066,             0.01124,             0.01001,             0.85984,             0.00033,              2.6991,             0.90023,             0.09925,             0.05005,             0.36493,             0.53584,              1.1483,              1.0043,                 0.2,              3.0923,                   0,             0.01319,             0.83157,              0.4459,                   0,             0.08186,             0.49346,                   0,                   0,                   0,                 0.5,             0.93747,                   0,                   0,              3.0032
             0.68536,             0.49083,             0.52261,             0.25764,            0.070024,            0.075061,           0.0094263,             0.01192,                0.01,             0.84933,              0.0003,              2.2643,             0.87403,             0.11753,             0.05789,             0.35517,             0.59171,              1.2797,             0.99945,                 0.2,              2.8353,                   0,             0.01321,             0.71828,             0.43357,                   0,             0.08031,             0.43876,                   0,                   0,                   0,                 0.5,             0.94001,                   0,                   0,              2.3073
             0.68421,             0.51823,             0.54884,             0.29029,            0.058877,            0.053112,           0.0077747,             0.01159,                0.01,             0.82302,             0.00021,              2.5074,             0.80809,             0.10641,             0.04654,             0.40525,             0.50259,              1.0206,               0.746,                 0.2,              3.2766,                   0,             0.01321,             0.82698,              0.4459,                   0,              0.0732,             0.69567,                   0,                   0,                   0,                 0.5,             0.82818,                   0,                   0,              3.0032
             0.70578,             0.53587,              0.5557,             0.30703,            0.063989,            0.078914,           0.0055907,             0.01121,                0.01,             0.84663,             0.00033,              2.8103,              0.8098,             0.09806,             0.05119,             0.33933,                 0.5,              1.2745,              1.0917,                 0.2,              2.8369,                   0,             0.01384,             0.82698,             0.42963,                   0,             0.08201,             0.51458,                   0,                   0,                   0,                 0.5,                   1,                   0,                   0,              3.0319
             0.68816,             0.52116,             0.54866,             0.29332,            0.064958,             0.07169,           0.0067758,             0.01171,                0.01,             0.85515,             0.00035,              2.5946,             0.91358,             0.09995,             0.05168,             0.36116,             0.52674,              1.1452,             0.99945,                 0.2,              3.0885,                   0,             0.01341,              0.8177,             0.44727,                   0,             0.08201,             0.47031,                   0,                   0,                   0,                 0.5,             0.96766,                   0,                   0,              2.8941
             0.66488,              0.5192,             0.55466,              0.3032,             0.06165,            0.073483,           0.0066718,             0.01121,             0.01007,             0.85948,             0.00033,              2.7087,             0.90044,             0.09902,             0.04954,             0.36678,             0.53088,               1.148,             0.98584,                 0.2,              3.1029,                   0,             0.01327,             0.82744,              0.4469,                   0,              0.0817,             0.48717,                   0,                   0,                   0,                 0.5,             0.94001,                   0,                   0,              3.0393
             0.63611,             0.55034,             0.55762,             0.30679,            0.063247,            0.056119,           0.0085967,             0.00852,             0.01042,             0.97292,             0.00052,              3.7301,              0.8722,              0.1067,             0.06092,             0.49992,              1.0343,               1.151,              1.1726,                 0.2,              2.1245,                   0,              0.0146,             0.65482,             0.39343,                   0,             0.14056,             0.63584,                   0,                   0,                   0,                 0.5,                   1,                   0,                   0,              2.8108
             0.65961,             0.51114,             0.55118,             0.29897,            0.056153,            0.068066,            0.011469,             0.00858,             0.01478,                0.98,             0.00042,              3.7682,             0.85996,             0.10262,             0.04733,             0.50961,             0.86474,               1.151,             0.86635,                 0.2,              3.0291,                   0,             0.01399,             0.70167,             0.38303,                   0,              0.0818,             0.56801,                   0,                   0,                   0,                 0.5,                   1,                   0,                   0,              2.8108
             0.68097,             0.50988,             0.55408,             0.29745,            0.062112,            0.072388,           0.0070234,             0.01121,             0.01003,             0.86555,             0.00033,              2.7059,             0.90044,              0.0966,             0.04954,              0.3687,             0.52965,               1.148,             0.97234,                 0.2,              3.0997,                   0,             0.01327,             0.84527,              0.4469,                   0,             0.07988,             0.48908,                   0,                   0,                   0,                 0.5,             0.93998,                   0,                   0,              3.0877
             0.69303,             0.48147,             0.51788,             0.23997,             0.06586,            0.077191,           0.0096577,             0.01121,             0.01007,             0.83648,              0.0004,              2.5532,             0.90044,             0.09613,             0.04954,             0.36678,                 0.5,              1.1537,             0.99578,                 0.2,              3.6048,                   0,             0.01393,                 0.9,              0.4629,                   0,              0.0817,             0.55258,                   0,                   0,                   0,                 0.5,             0.82673,                   0,                   0,               2.416
             0.69089,             0.47301,             0.51439,             0.23847,            0.063239,            0.063678,           0.0098563,             0.01025,             0.01007,             0.85948,             0.00031,              2.7087,             0.93691,             0.11543,             0.04886,             0.36678,              0.5578,              1.0251,             0.98584,                 0.2,              3.1029,                   0,             0.01433,             0.76744,             0.35736,                   0,              0.0817,             0.47795,                   0,                   0,                   0,                 0.5,             0.87193,                   0,                   0,                   2
             0.71913,             0.51123,             0.55731,             0.29097,            0.061154,            0.066685,           0.0066076,             0.01207,                0.01,              0.8453,             0.00029,              2.3593,                0.95,             0.09214,             0.05118,             0.35905,             0.53088,              1.0843,              0.9183,                 0.2,              3.1655,                   0,             0.01327,             0.82744,              0.4469,                   0,             0.07779,             0.47759,                   0,                   0,                   0,                 0.5,             0.95726,                   0,                   0,              3.2474
             0.68481,             0.51705,             0.54534,              0.2926,            0.063281,            0.077176,           0.0072162,             0.01156,             0.01039,             0.84673,             0.00033,              2.6757,             0.88807,              0.1013,             0.04954,             0.38568,             0.51014,              1.2111,             0.99185,                 0.2,               3.177,                   0,             0.01327,             0.82681,             0.44365,                   0,             0.08461,             0.46359,                   0,                   0,                   0,                 0.5,             0.91848,                   0,                   0,              2.6623
             0.65937,             0.54255,              0.5551,             0.29831,            0.060473,            0.071901,           0.0069682,             0.01038,                0.01,              0.8759,             0.00031,              2.5885,             0.85477,             0.10222,             0.04769,             0.36678,             0.53088,               1.148,             0.94725,                 0.2,              3.2195,                   0,             0.01327,             0.89207,             0.40753,                   0,             0.07896,              0.4593,                   0,                   0,                   0,                 0.5,                   1,                   0,                   0,              2.6788
             0.68231,             0.52143,             0.55202,             0.29994,            0.063006,            0.070411,           0.0068083,             0.01209,                0.01,             0.83432,             0.00035,              2.2112,             0.89005,             0.09812,             0.04969,             0.36678,             0.53088,               1.148,              0.9362,                 0.2,              3.1185,                   0,             0.01375,             0.82744,             0.49924,                   0,             0.07671,             0.42846,                   0,                   0,                   0,                 0.5,             0.92222,                   0,                   0,              3.0393
             0.69932,             0.50612,             0.55821,             0.29869,            0.063152,            0.072109,           0.0065692,             0.01127,             0.01004,             0.85948,             0.00033,              2.7006,             0.90044,             0.09874,             0.04957,             0.36632,              0.5299,              1.1489,             0.98995,                 0.2,              3.1086,                   0,             0.01321,             0.82744,             0.44692,                   0,             0.08169,             0.48706,                   0,                   0,                   0,                 0.5,             0.94001,                   0,                   0,              3.0393
             0.70957,             0.50113,             0.55186,              0.2964,            0.061051,            0.072029,           0.0068422,             0.01102,             0.01009,             0.85948,             0.00033,              2.6111,             0.89783,              0.1008,             0.04954,             0.36678,             0.53088,              1.1072,              1.0186,                 0.2,              3.0924,                   0,             0.01327,             0.86078,             0.45548,                   0,             0.07879,             0.46686,                   0,                   0,                   0,                 0.5,             0.96063,                   0,                   0,              3.0953
             0.72181,             0.45039,             0.49791,             0.24847,            0.065013,             0.06686,            0.009899,             0.01163,             0.01018,             0.85532,             0.00034,              2.5168,                0.95,             0.09122,             0.05073,             0.36792,             0.52214,              1.2018,             0.98085,                 0.2,              3.0341,                   0,              0.0134,             0.82744,             0.42597,                   0,             0.08122,             0.48283,                   0,                   0,                   0,                 0.5,              0.9651,                   0,                   0,              3.5648
               0.651,             0.52759,             0.55086,             0.29184,             0.06143,            0.074153,           0.0069328,             0.01121,             0.01004,             0.86174,             0.00033,              2.7087,              0.9123,             0.09864,             0.04977,             0.37476,             0.52228,              1.1539,             0.99909,                 0.2,              3.0837,                   0,             0.01329,             0.83963,             0.44678,                   0,             0.08165,             0.49343,                   0,                   0,                   0,                 0.5,             0.94001,                   0,                   0,              3.0393
             0.67403,             0.51038,              0.5466,             0.28685,            0.064872,             0.08031,            0.006608,             0.01273,                0.01,             0.85311,             0.00033,              2.4614,             0.90044,             0.10218,             0.05254,              0.3683,             0.53088,              1.2216,             0.99172,                 0.2,              3.1029,                   0,             0.01263,              0.8507,              0.4469,                   0,             0.08018,             0.46664,                   0,                   0,                   0,                 0.5,             0.94001,                   0,                   0,              3.2746
             0.65618,             0.41536,             0.46624,             0.21376,            0.056372,            0.072599,           0.0099371,              0.0083,                0.01,             0.88208,             0.00033,              2.5824,             0.79737,             0.09025,             0.03878,             0.31103,             0.58321,               1.148,              1.0267,                 0.2,              3.9213,                   0,             0.01327,             0.87002,              0.4469,                   0,              0.0817,             0.50484,                   0,                   0,                   0,                 0.5,             0.73741,                   0,                   0,              4.3421
             0.71582,             0.47057,             0.54571,             0.28253,            0.063373,            0.072648,           0.0069091,             0.01144,             0.01051,             0.86326,             0.00033,              2.7087,             0.87566,             0.09662,             0.04954,             0.36685,             0.52158,              1.1545,             0.98352,                 0.2,              3.0923,                   0,             0.01323,             0.80547,             0.44308,                   0,              0.0817,             0.49006,                   0,                   0,                   0,                 0.5,              0.9462,                   0,                   0,              3.2033
             0.67883,             0.51891,             0.56211,             0.29777,            0.076121,            0.063136,            0.005988,             0.01048,             0.01302,             0.85948,             0.00033,               2.702,             0.90044,             0.09738,              0.0629,             0.33242,             0.52576,             0.96742,               1.005,                 0.2,              3.1029,                   0,             0.01327,             0.83666,             0.49727,                   0,              0.0817,             0.44617,                   0,                   0,                   0,                 0.5,             0.87717,                   0,                   0,               2.647
             0.70586,             0.51072,             0.56259,             0.29797,            0.064621,            0.060358,           0.0073867,             0.01125,             0.01125,             0.82859,             0.00031,              2.8386,              0.9143,             0.09659,             0.05053,              0.3771,             0.53414,              1.0162,             0.94541,                 0.2,               3.097,                   0,             0.01394,             0.84775,             0.44182,                   0,             0.07897,             0.51231,                   0,                   0,                   0,                 0.5,             0.94001,                   0,                   0,              2.6628
             0.64343,             0.54739,             0.55394,             0.29035,            0.063518,             0.06647,           0.0066741,             0.01211,             0.01007,             0.87097,             0.00034,              2.7087,             0.83435,             0.11644,             0.04954,              0.3895,                 0.5,              1.0741,               1.011,                 0.2,              2.9831,                   0,             0.01477,                 0.9,             0.42685,                   0,             0.07922,             0.48717,                   0,                   0,                   0,                 0.5,             0.94001,                   0,                   0,              3.3825
             0.68859,              0.5109,             0.54584,             0.29606,            0.065774,             0.11754,           0.0076202,             0.01215,             0.01165,             0.82163,             0.00034,              2.5288,                0.95,             0.09902,             0.04937,             0.37838,             0.53088,              1.5024,              1.0535,                 0.2,              3.9662,                   0,             0.01327,             0.85637,             0.40862,                   0,             0.10706,             0.48922,                   0,                   0,                   0,                 0.5,             0.94001,                   0,                   0,              2.9261
             0.70198,             0.52141,             0.55265,             0.29609,            0.054459,             0.06028,           0.0098427,             0.01133,             0.01007,             0.87238,             0.00035,              3.1768,                0.95,             0.09902,             0.04433,             0.36678,             0.68122,               1.148,             0.76272,                 0.2,              3.2645,                   0,             0.01538,              0.8278,             0.39534,                   0,             0.08548,             0.60702,                   0,                   0,                   0,                 0.5,                   1,                   0,                   0,                   2
             0.69945,             0.51256,             0.55848,             0.29351,            0.055204,            0.096038,           0.0066119,             0.01317,                0.01,             0.86544,             0.00033,              2.7656,                0.95,             0.10996,             0.04756,             0.37193,             0.53088,              1.4154,             0.98785,                 0.2,              3.1029,                   0,             0.00762,                 0.9,              0.4469,                   0,             0.11101,             0.48717,                   0,                   0,                   0,                 0.5,             0.78592,                   0,                   0,              2.8464
             0.69449,             0.50586,              0.5459,             0.29271,            0.062786,            0.092283,           0.0064834,             0.00863,                0.01,             0.80648,             0.00036,              2.7087,             0.93874,             0.07665,             0.04954,             0.36678,                 0.5,              1.2826,              1.1861,                 0.2,              3.1029,                   0,             0.01525,              0.6968,             0.51742,                   0,              0.0817,             0.41014,                   0,                   0,                   0,                 0.5,             0.90448,                   0,                   0,              3.0924
             0.67278,             0.50905,             0.55397,             0.29516,            0.060353,            0.067009,           0.0065472,             0.01069,             0.01003,             0.88445,             0.00033,              2.7087,             0.90044,             0.09902,             0.04954,             0.37047,             0.51252,              1.1425,             0.86921,                 0.2,              3.1029,                   0,             0.01327,             0.82744,             0.49176,                   0,             0.07785,             0.46227,                   0,                   0,                   0,                 0.5,              0.9579,                   0,                   0,              2.9159
             0.69978,             0.50738,             0.56791,             0.31447,            0.059404,            0.068954,           0.0073717,             0.01258,                0.01,             0.85948,             0.00033,              2.3578,             0.82381,             0.09001,             0.04974,             0.41931,             0.63436,              1.0713,              1.0464,                 0.2,               2.872,                   0,             0.01274,             0.82744,             0.48933,                   0,             0.08865,             0.48717,                   0,                   0,                   0,                 0.5,             0.94001,                   0,                   0,              3.0393
             0.61892,             0.42872,             0.46826,             0.22073,            0.066389,            0.057474,            0.011168,             0.00924,                0.01,             0.86052,             0.00029,              2.5995,             0.90044,             0.09725,             0.05222,             0.36754,             0.64837,               1.148,             0.98207,                 0.2,              2.7506,                   0,             0.01775,              0.7249,              0.4469,                   0,             0.06786,             0.49991,                   0,                   0,                   0,                 0.5,                   1,                   0,                   0,              3.7407
             0.65155,             0.50808,             0.55414,             0.29531,            0.057866,            0.071222,           0.0066489,             0.01078,             0.01007,             0.86674,             0.00033,              2.7087,             0.90044,             0.09927,             0.04674,             0.36678,             0.53088,               1.075,              1.0367,                 0.2,              3.1029,                   0,             0.01654,                 0.9,             0.43525,                   0,              0.0817,             0.56093,                   0,                   0,                   0,                 0.5,             0.92922,                   0,                   0,              3.2615
             0.66749,             0.53294,             0.55172,             0.29398,            0.061427,             0.07364,            0.006788,             0.01123,             0.01008,             0.85823,             0.00033,              2.7123,             0.90152,             0.09902,             0.04958,             0.36798,              0.5304,               1.148,             0.98461,                 0.2,              3.1031,                   0,             0.01327,             0.82744,             0.44704,                   0,              0.0817,             0.48717,                   0,                   0,                   0,                 0.5,             0.94001,                   0,                   0,              3.0393
             0.71038,             0.51771,             0.55846,             0.29415,            0.062543,             0.06877,           0.0065555,             0.01124,                0.01,             0.85943,             0.00033,              2.7087,             0.90044,             0.10088,             0.04992,             0.37509,             0.54362,              1.1172,              0.9692,                 0.2,              3.0595,                   0,             0.01327,             0.83386,             0.45375,                   0,             0.08057,             0.49214,                   0,                   0,                   0,                 0.5,             0.95613,                   0,                   0,              3.0256
             0.69323,             0.52028,             0.55593,              0.3047,            0.060781,            0.082777,           0.0079381,             0.01105,             0.01009,             0.88002,             0.00031,              2.8853,             0.84482,             0.09902,             0.04851,             0.39175,             0.57131,              1.2453,             0.92755,                 0.2,               3.552,                   0,             0.01327,                 0.9,             0.42556,                   0,             0.08099,             0.48036,                   0,                   0,                   0,                 0.5,             0.88022,                   0,                   0,              3.0393
             0.68725,             0.50938,             0.54379,             0.29309,             0.06502,            0.080415,            0.008211,             0.01025,             0.01012,             0.87703,             0.00031,              2.8853,             0.83503,             0.09704,             0.04851,             0.39175,             0.53011,              1.2983,             0.87438,                 0.2,              3.6351,                   0,             0.01286,             0.88537,             0.43749,                   0,             0.08099,             0.51367,                   0,                   0,                   0,                 0.5,             0.85274,                   0,                   0,              3.0751
             0.70259,             0.47153,             0.53056,              0.2774,            0.076078,            0.077295,           0.0087258,             0.01044,             0.01047,             0.88002,             0.00029,              2.9369,             0.84134,             0.09723,             0.05445,             0.35704,             0.65398,              1.1496,             0.92755,                 0.2,              3.8741,                   0,             0.01196,                 0.9,             0.45517,                   0,             0.08871,             0.51061,                   0,                   0,                   0,                 0.5,             0.94327,                   0,                   0,              3.2452
             0.66745,             0.52141,             0.55643,             0.30058,            0.062967,            0.084265,           0.0083415,              0.0113,                0.01,             0.88002,             0.00031,                2.57,             0.84236,             0.09633,             0.04849,             0.39175,             0.56145,              1.2937,             0.92755,                 0.2,              3.5314,                   0,             0.01327,             0.88303,             0.43276,                   0,             0.08512,             0.50746,                   0,                   0,                   0,                 0.5,             0.88022,                   0,                   0,               3.046
             0.69822,              0.4466,             0.48651,             0.25458,            0.055666,            0.073496,            0.010053,             0.00873,                0.01,             0.91669,             0.00032,              3.4587,             0.77951,             0.12255,             0.04129,             0.31977,             0.57131,              1.2715,             0.92755,                 0.2,               3.552,                   0,              0.0158,                 0.9,             0.42556,                   0,             0.06703,             0.41143,                   0,                   0,                   0,                 0.5,                   1,                   0,                   0,               4.552
             0.71431,             0.46543,             0.51464,              0.2703,            0.092556,            0.096809,            0.010386,             0.01191,             0.01553,             0.85446,             0.00025,              3.3251,                0.95,             0.06077,              0.0665,             0.39175,                 0.5,              1.2453,              1.1359,                 0.2,              3.8996,                   0,             0.01513,             0.72307,             0.39816,                   0,             0.07233,             0.51313,                   0,                   0,                   0,                 0.5,               0.661,                   0,                   0,              2.0429
             0.73287,             0.50226,             0.54629,             0.28953,            0.063017,            0.092079,           0.0098406,             0.01105,             0.01078,             0.89905,             0.00027,              2.8669,             0.86597,             0.09902,             0.04927,             0.48842,             0.57131,              1.4044,             0.98265,                 0.2,              3.3279,                   0,             0.01298,             0.88489,             0.48921,                   0,             0.06921,             0.39639,                   0,                   0,                   0,                 0.5,             0.95428,                   0,                   0,              2.6518
             0.65041,             0.52252,              0.5446,             0.29161,            0.064028,            0.077499,           0.0072734,             0.01177,                0.01,             0.87663,             0.00031,              2.8853,             0.86533,              0.1048,              0.0493,             0.37841,             0.57193,              1.2328,             0.91744,                 0.2,              3.3658,                   0,             0.01327,                 0.9,             0.42423,                   0,             0.08233,             0.47487,                   0,                   0,                   0,                 0.5,             0.90882,                   0,                   0,               3.433
             0.70059,             0.48161,             0.53793,             0.28668,            0.063401,             0.08957,           0.0085166,             0.01076,             0.01009,               0.895,             0.00031,               2.739,             0.84482,             0.09498,             0.04818,             0.41775,             0.57131,              1.3448,             0.92755,                 0.2,               3.552,                   0,             0.01342,             0.85349,             0.39858,                   0,              0.0795,             0.50362,                   0,                   0,                   0,                 0.5,             0.98217,                   0,                   0,              2.6831
             0.69177,             0.51331,             0.54508,             0.29899,            0.063453,            0.067179,           0.0090836,             0.01256,                0.01,             0.87029,             0.00039,              2.8853,             0.87872,             0.09351,             0.04851,             0.45757,                 0.5,              1.0669,             0.92755,                 0.2,              3.4203,                   0,             0.01327,             0.77953,              0.4457,                   0,             0.09351,             0.50621,                   0,                   0,                   0,                 0.5,             0.98943,                   0,                   0,              3.0393
              0.6862,             0.52131,             0.54931,             0.29164,            0.055793,            0.085799,           0.0098844,             0.00985,             0.01026,             0.89583,             0.00031,              2.9259,             0.84482,             0.10572,             0.04184,             0.45363,             0.58468,              1.3353,             0.92755,                 0.2,               3.552,                   0,              0.0133,             0.77296,             0.42556,                   0,             0.08099,             0.45879,                   0,                   0,                   0,                 0.5,             0.88022,                   0,                   0,              3.0393
               0.707,             0.45767,             0.49337,             0.21702,             0.08865,             0.08165,            0.011842,             0.00991,                0.01,             0.88227,             0.00032,              3.1821,             0.82452,             0.09774,             0.06826,             0.39175,             0.62074,              1.1712,               1.202,                 0.2,              3.3811,                   0,             0.01603,             0.88188,             0.42556,                   0,             0.08094,             0.46722,                   0,                   0,                   0,                 0.5,              0.6868,                   0,                   0,              4.2061
             0.63272,             0.44783,             0.47159,             0.23108,             0.06735,            0.073836,           0.0099895,             0.01195,             0.01056,              0.8615,             0.00033,              2.8853,             0.88438,             0.11155,             0.04872,             0.36071,             0.50201,              1.2281,             0.92755,                 0.2,              3.8664,                   0,             0.01327,             0.85741,             0.53697,                   0,             0.07974,             0.48036,                   0,                   0,                   0,                 0.5,             0.94677,                   0,                   0,              3.7468
             0.68384,             0.49919,             0.51581,             0.25816,            0.065129,            0.080016,           0.0097921,             0.01097,             0.01009,              0.8378,             0.00031,              2.8292,              0.8768,             0.08963,             0.05192,             0.37561,             0.53896,              1.2692,             0.99825,                 0.2,              3.2356,                   0,             0.00995,                 0.9,             0.42556,                   0,             0.07734,             0.48036,                   0,                   0,                   0,                 0.5,                   1,                   0,                   0,              2.4121
             0.66113,             0.50604,             0.53892,             0.29127,            0.061596,            0.087291,           0.0078737,             0.01138,                0.01,             0.86189,              0.0003,              2.8853,             0.87655,             0.09486,             0.04851,             0.39175,             0.56283,              1.3384,             0.90241,                 0.2,               3.552,                   0,             0.01372,                 0.9,             0.42467,                   0,              0.0838,             0.50229,                   0,                   0,                   0,                 0.5,             0.86814,                   0,                   0,              2.8197
             0.69481,             0.50721,             0.54701,             0.28945,             0.06695,             0.08166,           0.0088748,             0.01187,                0.01,             0.83209,             0.00033,              2.5996,                0.95,             0.09902,             0.04876,             0.39175,             0.56784,              1.2453,             0.86228,                 0.2,              4.3165,                   0,             0.01327,                 0.9,              0.4438,                   0,              0.0764,              0.4993,                   0,                   0,                   0,                 0.5,              0.7391,                   0,                   0,              3.0393
             0.67929,             0.50442,             0.54145,             0.29134,            0.062077,            0.069753,           0.0071658,             0.01105,             0.01007,               0.861,             0.00031,              3.6045,             0.90114,             0.10534,             0.04762,             0.35406,             0.64701,              1.1091,             0.91976,                 0.2,              3.3972,                   0,             0.01277,                 0.9,             0.46526,                   0,              0.0745,             0.57073,                   0,                   0,                   0,                 0.5,             0.93533,                   0,                   0,              2.5314
             0.68275,             0.53344,             0.55262,             0.30541,            0.061636,            0.082508,           0.0085254,             0.01105,             0.01025,             0.89073,              0.0003,              2.7202,             0.80058,             0.09846,             0.04749,             0.40358,             0.58635,              1.2508,             0.91737,                 0.2,              3.6969,                   0,             0.01295,                 0.9,             0.42556,                   0,             0.07659,             0.46831,                   0,                   0,                   0,                 0.5,             0.88022,                   0,                   0,              3.0393
              0.6872,             0.52856,             0.56633,             0.30645,            0.059442,            0.055263,           0.0086464,             0.00847,             0.01041,             0.97193,             0.00052,              3.7529,              0.8722,             0.10774,             0.06102,             0.49992,              1.0351,              1.1412,              1.1793,                 0.2,              2.1315,                   0,             0.01469,             0.65634,             0.39322,                   0,             0.14094,             0.63564,                   0,                   0,                   0,                 0.5,                   1,                   0,                   0,              2.7625
             0.64658,             0.55859,             0.56611,             0.29363,            0.060084,            0.066764,           0.0082707,             0.00852,             0.01305,             0.97292,              0.0006,               4.058,             0.73037,             0.11994,             0.05653,             0.44294,             0.86513,               1.151,              1.3826,                 0.2,              2.2364,                   0,             0.01939,             0.80787,             0.42124,                   0,             0.15692,             0.33529,                   0,                   0,                   0,                 0.5,                   1,                   0,                   0,              3.4709
             0.69729,             0.52542,             0.56245,             0.29969,            0.064184,            0.057708,           0.0079459,             0.00894,                0.01,              0.9211,             0.00051,              3.7244,             0.84329,             0.11098,             0.06092,             0.38667,              1.1908,               1.151,              1.1726,                 0.2,               2.226,                   0,             0.01488,             0.71729,             0.39884,                   0,             0.13463,             0.65505,                   0,                   0,                   0,                 0.5,                   1,                   0,                   0,              2.8108
             0.67344,             0.50728,             0.54845,              0.2618,             0.06171,            0.048398,            0.014984,             0.00822,             0.01273,             0.92934,             0.00052,               3.634,              0.9238,             0.09958,             0.05953,             0.56732,               1.236,               1.151,             0.94618,                 0.2,              2.1245,                   0,              0.0146,             0.50685,              0.3771,                   0,             0.17321,             0.57504,                   0,                   0,                   0,                 0.5,                   1,                   0,                   0,                   2
